{
  "home": {
    "total_distance": 819.2724593191178,
    "high_intensity_distance": 72.236127613953,
    "sprint_distance": 93.85551024196141,
    "high_speed_distance": 166.09163785591443,
    "average_speed": 10.686162512858061
  },
  "away": {
    "total_distance": 697.4454610561222,
    "high_intensity_distance": 101.82194384504137,
    "sprint_distance": 52.5975163268361,
    "high_speed_distance": 154.4194601718775,
    "average_speed": 9.92412513755747
  }
}